{
    "meta": {
        "name": "CGGeom: 2p4",
        "description": "Minimal models from 2p4",
        "authors": [
            "Andrew Tarzia"
        ],
        "references": [
            "'Systematic exploration of accessible topologies of '",
            "'cage molecules via minimalistic models, Chem. Sci, '",
            "'DOI: 10.1039/D3SC03991A'"
        ]
    },
    "structures": [
        {
            "size": 22,
            "names": [
                "Pd",
                "Pb",
                "Pb",
                "Pb",
                "Pb",
                "Pd",
                "Pb",
                "Pb",
                "Pb",
                "Pb",
                "Ba",
                "Ag",
                "Ba",
                "Ba",
                "Ag",
                "Ba",
                "Ba",
                "Ag",
                "Ba",
                "Ba",
                "Ag",
                "Ba"
            ],
            "x": [
                1.522993,
                1.055556,
                0.630309,
                0.023406,
                0.270869,
                1.266682,
                0.579899,
                0.081979,
                -0.194816,
                0.073385,
                0.718367,
                0.46581,
                0.190293,
                -0.066131,
                -0.437376,
                -0.724604,
                -0.979839,
                -1.156578,
                -1.18805,
                -0.595185,
                -0.762865,
                -0.756104
            ],
            "y": [
                0.822465,
                1.079212,
                2.00232,
                0.955292,
                0.419604,
                -1.083208,
                -1.254375,
                -1.849554,
                -1.247974,
                -0.153526,
                0.995693,
                -0.338509,
                -1.57038,
                2.699065,
                1.623273,
                0.417772,
                1.036511,
                -0.164605,
                -1.314476,
                0.203793,
                -1.018362,
                -2.253032
            ],
            "z": [
                -0.089897,
                -1.481643,
                -0.269937,
                -0.1165,
                -0.822641,
                1.27267,
                -0.068244,
                0.767598,
                1.560165,
                1.376551,
                -2.408569,
                -1.768917,
                -0.955969,
                -0.173076,
                0.80558,
                1.653246,
                -0.197339,
                0.679869,
                1.640296,
                -1.294814,
                -0.445329,
                0.403899
            ]
        }
    ],
    "properties": {
        "tstr": {
            "target": "structure",
            "values": [
                "2P4"
            ],
            "units": "none",
            "description": "name of topology graph"
        },
        "torsion": {
            "target": "structure",
            "values": [
                "ton"
            ],
            "units": "none",
            "description": "ton if torsions are restricted, else toff"
        },
        "E_b": {
            "target": "structure",
            "values": [
                53.88704830408096
            ],
            "units": "kjmol-1",
            "description": "energy per building block"
        },
        "l_angle": {
            "target": "structure",
            "values": [
                50
            ],
            "units": "degrees",
            "description": "large input angle of the two options"
        },
        "s_angle": {
            "target": "structure",
            "values": [
                90
            ],
            "units": "degrees",
            "description": "small input angle of the two options"
        },
        "pore_radius": {
            "target": "structure",
            "values": [
                0.9626922637029404
            ],
            "units": "AA",
            "description": "pore radius of the cage"
        }
    },
    "settings": {
        "structure": [
            {
                "bonds": true,
                "spaceFilling": false,
                "atomLabels": false,
                "unitCell": false,
                "rotation": false,
                "supercell": {
                    "0": 2,
                    "1": 2,
                    "2": 2
                },
                "keepOrientation": false
            }
        ]
    }
}